Author,Category,excerpt,Slug,Title,Date Published,Reading Time,ID,tileImage,inlineImages,bodyStart,bodyEnd,isDisabled,Is Featured,Super Feature
Karen Lamperti,Market News,Let's delve into the key comparisons between these two luxurious developments to understand why Palm Jebel Ali is gaining traction among global high-net-worth investors.,A-Battle-for-Supremacy-in-the-Real-Estate-Market,Palm Jebel Ali vs. Palm Jumeirah: A Battle for Supremacy in the Real Estate Market,26/03/2025,2,2JpAhxOFRhZIC0m64rLK,https://firebasestorage.googleapis.com/v0/b/nordsy-9530c.appspot.com/o/articles%2F2JpAhxOFRhZIC0m64rLK%2FtileImage%2FkL5yxh3WpHpmjkyFaFYh-1732781581973.jpeg?alt=media&token=daac8c2e-1288-4eed-a831-60a0a8f75b2f,"https://firebasestorage.googleapis.com/v0/b/nordsy-9530c.appspot.com/o/articles%2F2JpAhxOFRhZIC0m64rLK%2FinlineImages%2FalGIrTLH7M8pnZJTUj1D-Most-Popular-Areas-to-Rent-Flats-and-Villas-in-Palm-Jumeirah.jpg?alt=media&token=1b7bd41d-f07e-413b-a141-181bbf2dc153,https://firebasestorage.googleapis.com/v0/b/nordsy-9530c.appspot.com/o/articles%2F2JpAhxOFRhZIC0m64rLK%2FinlineImages%2F7lE6sIkUSzvTLSpr7cRl-image-4.jpeg?alt=media&token=6e6ddded-45a4-4b07-a845-6319f8a38692,https://firebasestorage.googleapis.com/v0/b/nordsy-9530c.appspot.com/o/articles%2F2JpAhxOFRhZIC0m64rLK%2FinlineImages%2Fdm69Ew5DAyqvTraHwAdp-palmvillas.jpg?alt=media&token=59479920-44dc-4fb5-992d-8384a5eef498","<p style=""font-weight: 400;"">The Dubai real estate market is buzzing with excitement as&nbsp;<strong>Palm Jebel Ali</strong>&nbsp;emerges as a new hotspot for luxury investors. With its recent revival and promising growth potential, this area is poised to follow in the successful footsteps of its iconic neighbor,&nbsp;<strong>Palm Jumeirah</strong>.</p>
<p style=""font-weight: 400;"">&nbsp;</p>
<p style=""font-weight: 400;""><img src=""https://firebasestorage.googleapis.com/v0/b/nordsy-9530c.appspot.com/o/articles%2F2JpAhxOFRhZIC0m64rLK%2FbodyStart%2FkvOoRm7NIEirYTz7F7I5-large_palm_jebel_ali_villa_plage_privee_bc75247f3c.jpeg?alt=media&amp;token=fa9b0895-c8a8-45c1-8b20-6d0e0aa2ec95"" alt=""large_palm_jebel_ali_villa_plage_privee_bc75247f3c.jpeg"" width=""1000"" height=""561"" /></p>
<p style=""font-weight: 400;"">&nbsp;</p>
<p style=""font-weight: 400;"">Let's delve into the key comparisons between these two luxurious developments to understand why Palm Jebel Ali is gaining traction among global high-net-worth investors.</p>
<p style=""font-weight: 400;"">&nbsp;</p>
<h4>&nbsp;</h4>
<h4>A New Era of Luxury Living</h4>
<p style=""font-weight: 400;"">&nbsp;</p>
<p style=""font-weight: 400;"">Palm Jebel Ali offers a unique opportunity for investors looking to secure&nbsp;<strong>prime waterfront assets</strong>&nbsp;at early-stage prices. Unlike Palm Jumeirah, which has seen significant price surges, Palm Jebel Ali presents a more&nbsp;<strong>affordable and expansive alternative</strong>. With a combination of lower villa entry prices, larger plots, and reduced costs per square foot, it&rsquo;s no wonder why investors are taking notice.</p>
<p style=""font-weight: 400;"">&nbsp;</p>
<p style=""font-weight: 400;""><img src=""https://firebasestorage.googleapis.com/v0/b/nordsy-9530c.appspot.com/o/articles%2F2JpAhxOFRhZIC0m64rLK%2FbodyStart%2F0og51USsm3B6LFLBRnIt-1735810851-palm-jebel-ali-villas-nakheel2.jpg?alt=media&amp;token=69e7d991-9da2-4bd6-8076-d5b6323246c4"" alt=""1735810851-palm-jebel-ali-villas-nakheel2.jpg"" /></p>
<p style=""font-weight: 400;"">&nbsp;</p>
<h4>Size Matters: Villa Plots Comparison</h4>
<p style=""font-weight: 400;"">&nbsp;</p>
<p style=""font-weight: 400;"">One of the standout features of Palm Jebel Ali is the size of its villa plots. On average, these plots measure&nbsp;<strong>21,000 sq ft</strong>, nearly double the&nbsp;<strong>10,500 sq ft</strong>&nbsp;available on Palm Jumeirah. This additional space not only enhances the luxury living experience but also offers greater value for investors seeking to expand their property portfolios.</p>","<h4>&nbsp;</h4>
<h4>Competitive Pricing</h4>
<p style=""font-weight: 400;"">&nbsp;</p>
<p style=""font-weight: 400;"">When it comes to pricing, Palm Jebel Ali offers a compelling case:</p>
<ul>
<li>Average price per square foot for built villas is around<strong>AED 3,000 ($817)</strong>, compared to&nbsp;<strong>AED 9,000 ($2,450)</strong>&nbsp;on Palm Jumeirah.</li>
<li>Prime waterfront plots on Palm Jebel Ali average<strong>AED 2,500 ($681)</strong>&nbsp;per sq ft, significantly lower than Palm Jumeirah&rsquo;s&nbsp;<strong>AED 8,000 ($2,180)</strong>&nbsp;per sq ft.</li>
<li>Entry prices for comparable ultra-luxury villas are approximately<strong>50% lower</strong>&nbsp;than those on Palm Jumeirah.</li>
</ul>
<p>&nbsp;</p>
<p>&nbsp;</p>
<p>These factors create an&nbsp;<strong>irresistible appeal</strong>&nbsp;for investors looking to maximize their returns.</p>
<p>&nbsp;</p>
<p>&nbsp;</p>
<h4>Flexible Payment Plans</h4>
<p>&nbsp;</p>
<p>Another key advantage of investing in Palm Jebel Ali is the attractive&nbsp;<strong>payment plans</strong>&nbsp;available. Buyers can take advantage of three to four-year payment plans directly from the developer, which is a significant benefit compared to Palm Jumeirah, where only resale transactions are available with full upfront payment. This flexibility makes luxury living more accessible for a broader range of investors.</p>
<p>&nbsp;</p>
<p>&nbsp;</p>
<h4>The Promise of Waterfront Real Estate</h4>
<p>&nbsp;</p>
<p>In prime markets like Dubai, waterfront properties command a premium of&nbsp;<strong>30% to 50%</strong>&nbsp;over similar inland homes due to high demand and limited supply. The past three years have seen villa values on Palm Jumeirah increase by over&nbsp;<strong>50%</strong>, reinforcing the long-term investment potential of waterfront real estate.<span data-testid=""youchat-text"">Investors who recognized the potential of Palm Jumeirah early on enjoyed exponential returns, and Palm Jebel Ali is now presenting a similar opportunity with a host of competitive advantages.</span></p>
<p>&nbsp;</p>
<h4>&nbsp;</h4>
<p><img src=""https://firebasestorage.googleapis.com/v0/b/nordsy-9530c.appspot.com/o/articles%2F2JpAhxOFRhZIC0m64rLK%2FbodyEnd%2FT6wcugA1vgXLy4duoynn-Palm-Jebel-Ali-villas-2.jpg?alt=media&amp;token=4e1b26a7-50e7-4031-a8f4-c6ee713cd71c"" alt=""Palm-Jebel-Ali-villas-2.jpg"" /></p>
<p>&nbsp;</p>
<h4>A Growing Community</h4>
<p>&nbsp;</p>
<p>Palm Jebel Ali is not just about luxury homes; it is also a thriving community. With a total land area of&nbsp;<strong>147 million sq ft</strong>&nbsp;and a stunning&nbsp;<strong>110 km coastline</strong>, it dwarfs Palm Jumeirah's&nbsp;<strong>61 million sq ft</strong>&nbsp;and&nbsp;<strong>78 km shoreline</strong>. Currently, Palm Jumeirah houses around&nbsp;<strong>25,000 residents</strong>, along with luxury residences, retail destinations, leisure attractions, and marinas.<span data-testid=""youchat-text"">As</span>&nbsp;<strong>6,500 high-net-worth individuals</strong>&nbsp;relocate to Dubai each year, drawn by its safety, zero income tax, and high property returns, Palm Jebel Ali is set to become the next big name in luxury real estate.</p>
<p>&nbsp;</p>
<p>&nbsp;</p>
<p>In summary, the revitalization of Palm Jebel Ali represents a significant opportunity for investors seeking luxury properties in Dubai. With its affordable pricing, generous plot sizes, flexible payment plans, and the allure of waterfront living, this emerging hotspot is quickly becoming a&nbsp;<strong>must-consider</strong>&nbsp;option for savvy investors.</p>
<p>&nbsp;</p>
<p>&nbsp;</p>
<p>Now is the time to act, as the final phase of ultra-luxury villas is about to be introduced, making it the last chance to acquire waterfront residences directly from the developer before they hit the secondary market, where prices are expected to surge.</p>
<p>&nbsp;</p>
<p>Invest wisely, and who knows? You might just find yourself on the forefront of Dubai's next real estate success story!</p>",NO,NO,YES
,,,,,,,,,,,,,,
,,,,,,,,,,,,,,
,,,,,,,,,,,,,,
,,,,,,,,,,,,,,
,,,,,,,,,,,,,,
,,,,,,,,,,,,,,
,,,,,,,,,,,,,,
,,,,,,,,,,,,,,
,,,,,,,,,,,,,,
,,,,,,,,,,,,,,
,,,,,,,,,,,,,,
,,,,,,,,,,,,,,
,,,,,,,,,,,,,,
,,,,,,,,,,,,,,
,,,,,,,,,,,,,,
,,,,,,,,,,,,,,
,,,,,,,,,,,,,,
,,,,,,,,,,,,,,
,,,,,,,,,,,,,,
,,,,,,,,,,,,,,
,,,,,,,,,,,,,,
,,,,,,,,,,,,,,
,,,,,,,,,,,,,,
,,,,,,,,,,,,,,
,,,,,,,,,,,,,,
,,,,,,,,,,,,,,
,,,,,,,,,,,,,,
,,,,,,,,,,,,,,
,,,,,,,,,,,,,,
,,,,,,,,,,,,,,
,,,,,,,,,,,,,,
,,,,,,,,,,,,,,
,,,,,,,,,,,,,,
,,,,,,,,,,,,,,
,,,,,,,,,,,,,,
,,,,,,,,,,,,,,
,,,,,,,,,,,,,,
,,,,,,,,,,,,,,
,,,,,,,,,,,,,,
,,,,,,,,,,,,,,
,,,,,,,,,,,,,,
,,,,,,,,,,,,,,
,,,,,,,,,,,,,,
,,,,,,,,,,,,,,
,,,,,,,,,,,,,,
,,,,,,,,,,,,,,
,,,,,,,,,,,,,,
,,,,,,,,,,,,,,
,,,,,,,,,,,,,,
,,,,,,,,,,,,,,
,,,,,,,,,,,,,,
,,,,,,,,,,,,,,
,,,,,,,,,,,,,,
,,,,,,,,,,,,,,
,,,,,,,,,,,,,,
,,,,,,,,,,,,,,
,,,,,,,,,,,,,,
,,,,,,,,,,,,,,